new_name,anunciante,foreplay_id,meta_ad_id,inicio,dias_activo,size_bytes,sha256
S40b_L01.mp4,"IM8 (im8health, Prenuvo + David Beckham)",tz6dxwiJmS9ztZP9edXd,1596153958571127,2026-08-17,42,6687088,ae6b3b569a8ff9db2d4d41c19232b5eec0f2283293e8865504e8fdda44538cdd
S40b_L02.mp4,IM8 (im8health),9FdxeoxDiBluQWAPYgoS,1774111180603529,2026-08-28,31,6411729,0116efd440f299a74fb91c264e08d99d058891887979fce218388c16c30b5f79
S40b_L03.mp4,Grüns (gruns.co),ihzEJDaQwvhQbcbl1dxx,1671601597286156,2026-06-25,95,3496410,0332a39de080a5b9ab64013a77487d1dc680ce9b7c7aaa4d45d86afc3006b963
S40b_L04.mp4,IM8 (im8health),5Mr0ae9FqWj4MpRN8gAo,1388855286456549,2026-08-06,53,8467080,b27b167f069998632c1ab718545a18042552ab02c6b577391910e33231bb77f4
S40b_R01.mp4,IM8 (im8health),J723bbARmCouEKe09ajf,1802778077821775,2026-08-20,39,11282193,1fd9941f4dcc24a19163a59bfbbe530b0e75e1d2a96ba00399b8346ab2709de3
S40b_R02.mp4,IM8 (im8health),4fp145ygtM5YqrxZc8i2,1045385174546897,2026-08-16,43,7213376,1c2e98def10ef9558118e3e0af0d1e5efcfa1c34e29a1cd44dd974d130177424
S40b_R03.mp4,Grüns (gruns.co),GXaecoxrWK5wOQkxdxgv,857243154119915,2026-06-16,104,1774541,3b0aba243b2ecfcdb33ba2521ea31545f9e13ef86eff96bfd082ff4e7c161e38
S40b_C01.mp4,Paper Republic (paper-republic.com),dFrbvK9KEyq8HGhN1Qmv,810281728035913,2025-09-23,370,1747017,9f1611deb4ce1f16086188cc2e63d3cf4bc44b866fbe7287a9873867c2b9cbd1
S40b_C02.mp4,Paper Republic (paper-republic.com),CWtKbshHTpcPbHovlAUN,794342333350642,2026-04-04,177,1533337,bf3f457ff0566c8fc521d0f42be675b6cd57a5c8974fc19c0fb2689a1dc7269f
