new_name,original_file,marca,anunciante,foreplay_link,dias_activo,github_pages_url,size_bytes,sha256
S40_L01.mp4,L1_cocunat_bodypower_science.mp4,Lagos,Cocunat,https://app.foreplay.co/discovery?ad=u6Ieph9sR6M7L6psxttT,583,https://kenobi-1.github.io/ascent-refs/S40_L01.mp4,3070558,0b1b3f6ae18e7963b2e3e4dfb47ac17f26a36c437ceb21d30b1e3174120a307b
S40_L02.mp4,L2_cocunat_cellulite_cm_montage.mp4,Lagos,Cocunat,https://app.foreplay.co/discovery?ad=seWMVsfJrSFX7Vgzdf30,628,https://kenobi-1.github.io/ascent-refs/S40_L02.mp4,5861296,96e698c1768be18af59df8f7fb6169e6a63bb451e2c7939c26a33f2f376fbb80
S40_L03.mp4,L3_cocunat_bodypower_checklist.mp4,Lagos,Cocunat,https://app.foreplay.co/discovery?ad=t76o44u3hHCNROiiLL19,620,https://kenobi-1.github.io/ascent-refs/S40_L03.mp4,4644467,98c4c34e6168592c7dce34c4cdee38b101c3b2794dcd0d3deb1560b692f1ae53
S40_L04.mp4,L4_cocunat_firmeza_problema_solucion.mp4,Lagos,Cocunat,https://app.foreplay.co/discovery?ad=tc9OlYawfYc3Ml6W6rrP,550,https://kenobi-1.github.io/ascent-refs/S40_L04.mp4,1230757,b0bc4407f2ac1afdbea09c4c59906fe509f007c6eff40958c74ba9565ee0fc32
S40_L05.mp4,L5_soldejaneiro_textura_macro.mp4,Lagos,Sol de Janeiro,https://app.foreplay.co/discovery?ad=yOyp3Tgg407x4p2AqBLw,437,https://kenobi-1.github.io/ascent-refs/S40_L05.mp4,1210617,1076e5130292b897e25faeb147258733dd41a09ca779b7dbd6ab7feea6933598
S40_L06.mp4,L6_soldejaneiro_pasos_rutina.mp4,Lagos,Sol de Janeiro,https://app.foreplay.co/discovery?ad=BWaj82h0pyUOSO29u168,104,https://kenobi-1.github.io/ascent-refs/S40_L06.mp4,2327268,59e4063a3932602ee631906f958532c56d082094f744c6bad294c1d188c53603
S40_R01.mp4,R1_cocunat_realc_demo_macro.mp4,Rozenberg,Cocunat,https://app.foreplay.co/discovery?ad=tr2YPK0BfKjxYgMCFobW,607,https://kenobi-1.github.io/ascent-refs/S40_R01.mp4,2825913,b578c40853910094a81d158c5c947c9df7806e19e4be77de9263d239533a54f0
S40_R02.mp4,R2_cocunat_beautyfiller_datos.mp4,Rozenberg,Cocunat,https://app.foreplay.co/discovery?ad=tb4DvasIC0WkddH5poRw,557,https://kenobi-1.github.io/ascent-refs/S40_R02.mp4,4102642,182d2a91921d0de8986b5281c355bffc9752bfb78c44dcf8187cea9483ba02e2
S40_R03.mp4,R3_froya_fake_vs_real.mp4,Rozenberg,Frøya Organics,https://app.foreplay.co/discovery?ad=zCNt3kZFgoEeliDN8oDi,457,https://kenobi-1.github.io/ascent-refs/S40_R03.mp4,3877483,3030d22f38b3d214acc336b2da0c2ce26e797619a30f5fc1208e5e302bb9235c
S40_R04.mp4,R4_froya_pov_cuello_resultado.mp4,Rozenberg,Frøya Organics,https://app.foreplay.co/discovery?ad=zZhMNNiLdF93kZ5QPVd7,446,https://kenobi-1.github.io/ascent-refs/S40_R04.mp4,2415855,6185d03f1e769a80593af2036dd62ab270e704ade70523df45fc30a75ff8c5fe
S40_R05.mp4,R5_froya_pov_menoskin.mp4,Rozenberg,Frøya Organics,https://app.foreplay.co/discovery?ad=mOsz2UUfc1r6VQoHsZAV,416,https://kenobi-1.github.io/ascent-refs/S40_R05.mp4,1048025,4e59151acfad35ba64bd2ea12512755ccc2513f1fe4089bb8f3a90370e94bf62
S40_R06.mp4,R6_froya_textura_en_mano.mp4,Rozenberg,Frøya Organics,https://app.foreplay.co/discovery?ad=rsrjbB0qsTyVefWHZerc,470,https://kenobi-1.github.io/ascent-refs/S40_R06.mp4,1446632,8624aab52fb751f8b0d44b6328ffe62e2acbaa878a628ca66bf3771d8853bb59
S40_C01.mp4,C1_hh_humidor_reveal.mp4,Ramón,Holme & Hadfield,https://app.foreplay.co/discovery?ad=1l7ZVmRnRSsHn0KZSJYl,395,https://kenobi-1.github.io/ascent-refs/S40_C01.mp4,3297557,b644cd6aca74664c4fe364608ac539961ba8cc15bc812506454de878e8b7f06c
S40_C02.mp4,C2_hh_estuche_relojes.mp4,Ramón,Holme & Hadfield,https://app.foreplay.co/discovery?ad=yuVoWpkGy6kiCfpaRqo9,436,https://kenobi-1.github.io/ascent-refs/S40_C02.mp4,1133600,bee039c1293db9b12cb430a405a6af0e31ba5bb0135fc9bb0e0b498c39a02a9c
S40_C03.mp4,C3_hh_estuche_monedas.mp4,Ramón,Holme & Hadfield,https://app.foreplay.co/discovery?ad=TWeFhZocPbhmXiLs5Cfz,190,https://kenobi-1.github.io/ascent-refs/S40_C03.mp4,1721418,8ba8d3200aac6a0e703a807d1a0da8541bd1886e67baab492a9647f4954e4799
S40_C04.mp4,C4_goodart_anillo_manos.mp4,Ramón,GOOD ART HLYWD,https://app.foreplay.co/discovery?ad=6wAef2WxBsvw6lNQy1RU,201,https://kenobi-1.github.io/ascent-refs/S40_C04.mp4,1465706,8934764c60bd71ee9b7a01870fbd2da713ab622320d6800e057e93a21b9068d7
